{
	"format_version": "1.8.0",
	"animations": {
		"animation.mercenary_swordman.move": {
			"loop": true,
			"animation_length": 1.64,
			"bones": {
				"body": {
					"rotation": {
						"0.0": [0, -2.5, 0],
						"0.8": [0, 2.5, 0],
						"1.6": [0, -2.5, 0]
					},
					"position": {
						"0.0": [0, -0.5, 0],
						"0.4": [0, 0, 0],
						"0.8": [0, -0.5, 0],
						"1.2": [0, 0, 0],
						"1.6": [0, -0.5, 0]
					}
				},
				"head": {
					"rotation": {
						"0.0": [0, 0, -1.5],
						"0.8": [0, 0, 1.5],
						"1.6": [0, 0, -1.5]
					}
				},
				"leftArm": {
					"rotation": {
						"0.0": [-0.0071, 0.3262, -2.4786],
						"0.8": [-12.5071, 0.3262, -2.4786],
						"1.6": [-2.5071, 0.3262, -2.4786]
					}
				},
				"leftArm2": {
					"rotation": {
						"0.0": [0, 0, 0],
						"0.4": [-7.5, 0, 0],
						"0.8": [0, 0, 0],
						"1.2": [-7.5, 0, 0],
						"1.6": [0, 0, 0]
					}
				},
				"rightArm": {
					"rotation": {
						"0.0": [-7.49294, 0.32621, 2.47864],
						"0.4": [0.00706, 0.32621, 2.47864],
						"0.8": [5.00706, 0.32621, 2.47864],
						"1.2": [0.0071, 0.3262, 2.4786],
						"1.6": [-7.4929, 0.3262, 2.4786]
					}
				},
				"rightArm2": {
					"rotation": {
						"0.0": [0, 0, 0],
						"0.4": [-7.5, 0, 0],
						"0.8": [0, 0, 0],
						"1.2": [-7.5, 0, 0],
						"1.6": [0, 0, 0]
					}
				},
				"rightLeg": {
					"rotation": {
						"0.0": [14.96557, 0.97248, -1.8938],
						"0.4": [0.01433, 0.32779, 1.0207],
						"0.8": [-14.99318, -0.31685, -1.8949],
						"1.2": [0.01439, 0.32969, 1.02],
						"1.6": [14.96536, 0.97626, -1.8952]
					}
				},
				"rightLeg2": {
					"rotation": {
						"0.0": [7.5, 0, 0],
						"0.4": [11.25, 0, 0],
						"0.8": [0, 0, 0],
						"1.6": [7.5, 0, 0]
					}
				},
				"leftLeg": {
					"rotation": {
						"0.0": [-14.96557, 0.97248, 1.8938],
						"0.4": [-0.01433, 0.32779, -1.5007],
						"0.8": [14.99318, -0.31685, 1.93488],
						"1.2": [-0.01439, 0.32969, -1.5],
						"1.6": [-14.96536, 0.97626, 1.8952]
					}
				},
				"leftLeg2": {
					"rotation": {
						"0.0": [0, 0, 0],
						"0.8": [7.5, 0, 0],
						"1.2": [11.25, 0, 0],
						"1.6": [0, 0, 0]
					}
				},
				"bone5": {
					"rotation": {
						"0.0": [7.5, 0, 0],
						"0.4": [0, 0, 0],
						"0.8": [10, 0, 0],
						"1.2": [5, 0, 0],
						"1.6": [10, 0, 0]
					}
				},
				"bone6": {
					"rotation": {
						"0.0": [15, 0, 0],
						"0.4": [0, 0, 0],
						"0.8": [10, 0, 0],
						"1.2": [2.5, 0, 0],
						"1.6": [10, 0, 0]
					}
				},
				"sarung_pedang": {
					"rotation": {
						"0.0": [10, 0, 0],
						"0.4": [-5, 0, 0],
						"0.8": [10, 0, 0],
						"1.2": [0, 0, 0],
						"1.6": [10, 0, 0]
					}
				}
			}
		},
		"animation.mercenary_swordman.target": {
			"loop": true,
			"animation_length": 0,
			"bones": {
				"leftArm": {
					"rotation": [-107.57828, 30.21477, -69.99864],
					"position": [1, -1, -1]
				},
				"leftArm2": {
					"rotation": [39.48292, -20.51262, -10.87304],
					"position": [0, 1, 0],
					"scale": [1, 1.4, 1]
				},
				"rightArm": {
					"rotation": [-21.02467, -20.58473, 18.8599],
					"position": [0, 0, -1]
				},
				"rightArm2": {
					"rotation": [-84.80844, -16.14252, -26.88022],
					"position": [0, 0, 2],
					"scale": [1, 1.5, 1.1]
				},
				"sword": {
					"rotation": [7.36207, -3.19835, -10.70679]
				}
			}
		},
		"animation.mercenary_swordman.attack": {
			"loop": false,
			"animation_length": 0.48,
			"bones": {
				"leftArm": {
					"rotation": {
						"0.0": [-105.94935, 18.24085, -66.05214],
						"0.3": [-102.57545, 63.7554, -83.98314]
					},
					"position": {
						"0.0": [1, -1, -1],
						"0.3": [1, -1, 0]
					}
				},
				"leftArm2": {
					"rotation": [39.48292, -20.51262, -10.87304],
					"position": [0, 1, 0],
					"scale": [1, 1.4, 1]
				},
				"rightArm": {
					"rotation": [-33.52467, -20.58473, 18.8599],
					"position": [0, 0, -1]
				},
				"rightArm2": {
					"rotation": {
						"0.0": [-84.80844, -16.14252, -26.88022],
						"0.3": [-1.77761, 0.7659, -37.84771]
					},
					"position": {
						"0.0": [0, 0, 2],
						"0.3": [0, 2, 0]
					},
					"scale": [1, 1.5, 1.1]
				},
				"sword": {
					"rotation": {
						"0.0": [-2.63793, -3.19835, -10.70679],
						"0.3": [37.9278, 16.31393, 45.66045]
					},
					"position": [0, -1, 0]
				},
				"body": {
					"rotation": {
						"0.0": [0, 7.5, 0],
						"0.3": [0, -5, 0]
					}
				}
			}
		}
	}
}