{
	"format_version": "1.12.0",
	"minecraft:geometry": [
		{
			"description": {
				"identifier": "geometry.wooden_roof_top",
				"texture_width": 128,
				"texture_height": 128,
				"visible_bounds_width": 3,
				"visible_bounds_height": 3,
				"visible_bounds_offset": [0, 0.5, 0]
			},
			"bones": [
				{
					"name": "left",
					"pivot": [16, 0, 0],
					"cubes": [
						{
							"origin": [7, -5.65685, -2.65685],
							"size": [2, 11.7, 8.4],
							"pivot": [0, 0, 0],
							"rotation": [-45, 0, 0],
							"uv": {
								"north": {"uv": [8.06, 63.06], "uv_size": [1.88, 11.44]},
								"east": {"uv": [0.06, 24.06], "uv_size": [8.44, 11.44]},
								"south": {"uv": [10.06, 63.06], "uv_size": [1.88, 11.44]},
								"west": {"uv": [9.06, 24.06], "uv_size": [8.44, 11.44]},
								"up": {"uv": [16.06, 63.06], "uv_size": [1.88, 8.44]},
								"down": {"uv": [18.06, 71.5], "uv_size": [1.88, -8.44]}
							}
						},
						{
							"origin": [1, -5.65685, -5.65685],
							"size": [7, 11.7, 4],
							"pivot": [0, 0, 0],
							"rotation": [-45, 0, 0],
							"uv": {
								"north": {"uv": [32.06, 0.06], "uv_size": [6.88, 11.44]},
								"east": {"uv": [32.06, 48.06], "uv_size": [3.88, 11.44]},
								"south": {"uv": [32.06, 12.06], "uv_size": [6.88, 11.44]},
								"west": {"uv": [36.06, 48.06], "uv_size": [3.88, 11.44]},
								"up": {"uv": [60.06, 54.06], "uv_size": [6.88, 3.88]},
								"down": {"uv": [60.06, 61.94], "uv_size": [6.88, -3.88]}
							}
						},
						{
							"origin": [4.64493, -5.75685, 0.73675],
							"size": [2, 11.9, 5],
							"pivot": [0, 0, 0],
							"rotation": [-49.856, 22.32924, -24.25045],
							"uv": {
								"north": {"uv": [49.06, 60.06], "uv_size": [1.88, 11.88]},
								"east": {"uv": [35.06, 36.06], "uv_size": [4.88, 11.88]},
								"south": {"uv": [62.06, 30.06], "uv_size": [1.88, 11.88]},
								"west": {"uv": [39.06, 0.06], "uv_size": [4.88, 11.88]},
								"up": {"uv": [48.06, 30.06], "uv_size": [1.88, 4.88]},
								"down": {"uv": [50.06, 46.94], "uv_size": [1.88, -4.88]}
							}
						},
						{
							"origin": [2, -5.65685, -6.65685],
							"size": [4, 11.7, 1],
							"pivot": [0, 0, 0],
							"rotation": [-45, 0, 0],
							"uv": {
								"north": {"uv": [40.06, 48.06], "uv_size": [3.88, 11.44]},
								"east": {"uv": [51.06, 60.06], "uv_size": [0.88, 11.44]},
								"south": {"uv": [44.06, 48.06], "uv_size": [3.88, 11.44]},
								"west": {"uv": [24.06, 63.06], "uv_size": [0.88, 11.44]},
								"up": {"uv": [64.06, 53.06], "uv_size": [3.88, 0.88]},
								"down": {"uv": [67.06, 24.94], "uv_size": [3.88, -0.88]}
							}
						},
						{
							"origin": [1.1, -5.65685, 1.65685],
							"size": [6.9, 11.7, 4],
							"pivot": [0, 0, 0],
							"rotation": [45, 0, 0],
							"uv": {
								"north": {"uv": [0.06, 36.06], "uv_size": [6.88, 11.44]},
								"east": {"uv": [48.06, 48.06], "uv_size": [3.88, 11.44]},
								"south": {"uv": [7.06, 36.06], "uv_size": [6.88, 11.44]},
								"west": {"uv": [49.06, 0.06], "uv_size": [3.88, 11.44]},
								"up": {"uv": [61.06, 0.06], "uv_size": [6.88, 3.88]},
								"down": {"uv": [61.06, 7.94], "uv_size": [6.88, -3.88]}
							}
						},
						{
							"origin": [4.64493, -5.75685, -5.73675],
							"size": [2, 11.9, 5],
							"pivot": [0, 0, 0],
							"rotation": [49.856, -22.32924, -24.25045],
							"uv": {
								"north": {"uv": [60.06, 62.06], "uv_size": [1.88, 11.88]},
								"east": {"uv": [39.06, 12.06], "uv_size": [4.88, 11.88]},
								"south": {"uv": [62.06, 62.06], "uv_size": [1.88, 11.88]},
								"west": {"uv": [40.06, 36.06], "uv_size": [4.88, 11.88]},
								"up": {"uv": [64.06, 48.06], "uv_size": [1.88, 4.88]},
								"down": {"uv": [66.06, 52.94], "uv_size": [1.88, -4.88]}
							}
						},
						{
							"origin": [2, -5.65685, 5.65685],
							"size": [4, 11.7, 1],
							"pivot": [0, 0, 0],
							"rotation": [45, 0, 0],
							"uv": {
								"north": {"uv": [49.06, 12.06], "uv_size": [3.88, 11.44]},
								"east": {"uv": [25.06, 63.06], "uv_size": [0.88, 11.44]},
								"south": {"uv": [50.06, 30.06], "uv_size": [3.88, 11.44]},
								"west": {"uv": [26.06, 63.06], "uv_size": [0.88, 11.44]},
								"up": {"uv": [67.06, 25.06], "uv_size": [3.88, 0.88]},
								"down": {"uv": [67.06, 26.94], "uv_size": [3.88, -0.88]}
							}
						}
					]
				},
				{
					"name": "middle",
					"pivot": [0, 0, 0],
					"cubes": [
						{
							"origin": [-8, -5.65685, 5.65685],
							"size": [4, 11.7, 1],
							"pivot": [0, 0, 0],
							"rotation": [45, 0, 0],
							"uv": {
								"north": {"uv": [0.06, 51.06], "uv_size": [3.88, 11.44]},
								"east": {"uv": [27.06, 63.06], "uv_size": [0.88, 11.44]},
								"south": {"uv": [4.06, 51.06], "uv_size": [3.88, 11.44]},
								"west": {"uv": [28.06, 63.06], "uv_size": [0.88, 11.44]},
								"up": {"uv": [67.06, 27.06], "uv_size": [3.88, 0.88]},
								"down": {"uv": [67.06, 28.94], "uv_size": [3.88, -0.88]}
							}
						},
						{
							"origin": [4, -5.65685, 5.65685],
							"size": [4, 11.7, 1],
							"pivot": [0, 0, 0],
							"rotation": [45, 0, 0],
							"uv": {
								"north": {"uv": [16.06, 51.06], "uv_size": [3.88, 11.44]},
								"east": {"uv": [31.06, 63.06], "uv_size": [0.88, 11.44]},
								"south": {"uv": [20.06, 51.06], "uv_size": [3.88, 11.44]},
								"west": {"uv": [63.06, 42.06], "uv_size": [0.88, 11.44]},
								"up": {"uv": [67.06, 31.06], "uv_size": [3.88, 0.88]},
								"down": {"uv": [67.06, 32.94], "uv_size": [3.88, -0.88]}
							}
						},
						{
							"origin": [-2, -5.65685, 5.65685],
							"size": [4, 11.7, 1],
							"pivot": [0, 0, 0],
							"rotation": [45, 0, 0],
							"uv": {
								"north": {"uv": [8.06, 51.06], "uv_size": [3.88, 11.44]},
								"east": {"uv": [29.06, 63.06], "uv_size": [0.88, 11.44]},
								"south": {"uv": [12.06, 51.06], "uv_size": [3.88, 11.44]},
								"west": {"uv": [30.06, 63.06], "uv_size": [0.88, 11.44]},
								"up": {"uv": [67.06, 29.06], "uv_size": [3.88, 0.88]},
								"down": {"uv": [67.06, 30.94], "uv_size": [3.88, -0.88]}
							}
						},
						{
							"origin": [-8, -5.65685, 2.65685],
							"size": [16, 11.7, 3],
							"pivot": [0, 0, 0],
							"rotation": [45, 0, 0],
							"uv": {
								"north": {"uv": [0.06, 0.06], "uv_size": [15.88, 11.44]},
								"east": {"uv": [40.06, 60.06], "uv_size": [2.88, 11.44]},
								"south": {"uv": [0.06, 12.06], "uv_size": [15.88, 11.44]},
								"west": {"uv": [60.06, 42.06], "uv_size": [2.88, 11.44]},
								"up": {"uv": [0.06, 48.06], "uv_size": [15.88, 2.88]},
								"down": {"uv": [16.06, 50.94], "uv_size": [15.88, -2.88]}
							}
						},
						{
							"origin": [-8, -5.65685, -6.65685],
							"size": [4, 11.7, 1],
							"pivot": [0, 0, 0],
							"rotation": [-45, 0, 0],
							"uv": {
								"north": {"uv": [24.06, 51.06], "uv_size": [3.88, 11.44]},
								"east": {"uv": [64.06, 24.06], "uv_size": [0.88, 11.44]},
								"south": {"uv": [28.06, 51.06], "uv_size": [3.88, 11.44]},
								"west": {"uv": [64.06, 36.06], "uv_size": [0.88, 11.44]},
								"up": {"uv": [67.06, 33.06], "uv_size": [3.88, 0.88]},
								"down": {"uv": [67.06, 34.94], "uv_size": [3.88, -0.88]}
							}
						},
						{
							"origin": [-2, -5.65685, -6.65685],
							"size": [4, 11.7, 1],
							"pivot": [0, 0, 0],
							"rotation": [-45, 0, 0],
							"uv": {
								"north": {"uv": [52.06, 42.06], "uv_size": [3.88, 11.44]},
								"east": {"uv": [64.06, 62.06], "uv_size": [0.88, 11.44]},
								"south": {"uv": [53.06, 0.06], "uv_size": [3.88, 11.44]},
								"west": {"uv": [65.06, 24.06], "uv_size": [0.88, 11.44]},
								"up": {"uv": [67.06, 35.06], "uv_size": [3.88, 0.88]},
								"down": {"uv": [67.06, 36.94], "uv_size": [3.88, -0.88]}
							}
						},
						{
							"origin": [4, -5.65685, -6.65685],
							"size": [4, 11.7, 1],
							"pivot": [0, 0, 0],
							"rotation": [-45, 0, 0],