{
	"format_version": "1.12.0",
	"minecraft:geometry": [
		{
			"description": {
				"identifier": "geometry.wooden_roof",
				"texture_width": 128,
				"texture_height": 128,
				"visible_bounds_width": 3,
				"visible_bounds_height": 2.5,
				"visible_bounds_offset": [0, 0.75, 0]
			},
			"bones": [
				{
					"name": "left",
					"pivot": [16, 0, 0],
					"cubes": [
						{
							"origin": [7, -5.65685, -2.65685],
							"size": [2, 22.7, 8],
							"pivot": [0, 0, 0],
							"rotation": [-45, 0, 0],
							"uv": {
								"north": {"uv": [60.06, 29.06], "uv_size": [1.88, 22.44]},
								"east": {"uv": [0.06, 23.06], "uv_size": [7.88, 22.44]},
								"south": {"uv": [60.06, 52.06], "uv_size": [1.88, 22.44]},
								"west": {"uv": [8.06, 23.06], "uv_size": [7.88, 22.44]},
								"up": {"uv": [64.06, 33.06], "uv_size": [1.88, 7.88]},
								"down": {"uv": [64.06, 48.94], "uv_size": [1.88, -7.88]}
							}
						},
						{
							"origin": [1, -5.65685, -5.65685],
							"size": [7, 22.7, 4],
							"pivot": [0, 0, 0],
							"rotation": [-45, 0, 0],
							"uv": {
								"north": {"uv": [32.06, 0.06], "uv_size": [6.88, 22.44]},
								"east": {"uv": [15.06, 46.06], "uv_size": [3.88, 22.44]},
								"south": {"uv": [32.06, 23.06], "uv_size": [6.88, 22.44]},
								"west": {"uv": [19.06, 46.06], "uv_size": [3.88, 22.44]},
								"up": {"uv": [62.06, 52.06], "uv_size": [6.88, 3.88]},
								"down": {"uv": [62.06, 59.94], "uv_size": [6.88, -3.88]}
							}
						},
						{
							"origin": [4.64493, -5.75685, 0.73675],
							"size": [2, 22.9, 5],
							"pivot": [0, 0, 0],
							"rotation": [-49.856, 22.32924, -24.25045],
							"uv": {
								"north": {"uv": [58.06, 6.06], "uv_size": [1.88, 22.88]},
								"east": {"uv": [0.06, 46.06], "uv_size": [4.88, 22.88]},
								"south": {"uv": [58.06, 29.06], "uv_size": [1.88, 22.88]},
								"west": {"uv": [46.06, 0.06], "uv_size": [4.88, 22.88]},
								"up": {"uv": [68.06, 10.06], "uv_size": [1.88, 4.88]},
								"down": {"uv": [68.06, 19.94], "uv_size": [1.88, -4.88]}
							}
						},
						{
							"origin": [2, -5.65685, -6.65685],
							"size": [4, 22.7, 1],
							"pivot": [0, 0, 0],
							"rotation": [-45, 0, 0],
							"uv": {
								"north": {"uv": [23.06, 46.06], "uv_size": [3.88, 22.44]},
								"east": {"uv": [64.06, 10.06], "uv_size": [0.88, 22.44]},
								"south": {"uv": [46.06, 23.06], "uv_size": [3.88, 22.44]},
								"west": {"uv": [62.06, 64.06], "uv_size": [0.88, 22.44]},
								"up": {"uv": [64.06, 49.06], "uv_size": [3.88, 0.88]},
								"down": {"uv": [64.06, 50.94], "uv_size": [3.88, -0.88]}
							}
						}
					]
				},
				{
					"name": "middle",
					"pivot": [0, 0, 0],
					"cubes": [
						{
							"origin": [-8, -5.65685, -6.65685],
							"size": [4, 22.7, 1],
							"pivot": [0, 0, 0],
							"rotation": [-45, 0, 0],
							"uv": {
								"north": {"uv": [27.06, 46.06], "uv_size": [3.88, 22.44]},
								"east": {"uv": [63.06, 64.06], "uv_size": [0.88, 22.44]},
								"south": {"uv": [31.06, 46.06], "uv_size": [3.88, 22.44]},
								"west": {"uv": [64.06, 64.06], "uv_size": [0.88, 22.44]},
								"up": {"uv": [64.06, 51.06], "uv_size": [3.88, 0.88]},
								"down": {"uv": [68.06, 30.94], "uv_size": [3.88, -0.88]}
							}
						},
						{
							"origin": [-2, -5.65685, -6.65685],
							"size": [4, 22.7, 1],
							"pivot": [0, 0, 0],
							"rotation": [-45, 0, 0],
							"uv": {
								"north": {"uv": [35.06, 46.06], "uv_size": [3.88, 22.44]},
								"east": {"uv": [65.06, 10.06], "uv_size": [0.88, 22.44]},
								"south": {"uv": [39.06, 46.06], "uv_size": [3.88, 22.44]},
								"west": {"uv": [65.06, 64.06], "uv_size": [0.88, 22.44]},
								"up": {"uv": [68.06, 31.06], "uv_size": [3.88, 0.88]},
								"down": {"uv": [68.06, 32.94], "uv_size": [3.88, -0.88]}
							}
						},
						{
							"origin": [4, -5.65685, -6.65685],
							"size": [4, 22.7, 1],
							"pivot": [0, 0, 0],
							"rotation": [-45, 0, 0],
							"uv": {
								"north": {"uv": [43.06, 46.06], "uv_size": [3.88, 22.44]},
								"east": {"uv": [66.06, 10.06], "uv_size": [0.88, 22.44]},
								"south": {"uv": [47.06, 46.06], "uv_size": [3.88, 22.44]},
								"west": {"uv": [66.06, 64.06], "uv_size": [0.88, 22.44]},
								"up": {"uv": [68.06, 33.06], "uv_size": [3.88, 0.88]},
								"down": {"uv": [68.06, 34.94], "uv_size": [3.88, -0.88]}
							}
						},
						{
							"origin": [-8, -5.65685, -5.65685],
							"size": [16, 22.7, 3],
							"pivot": [0, 0, 0],
							"rotation": [-45, 0, 0],
							"uv": {
								"north": {"uv": [0.06, 0.06], "uv_size": [15.88, 22.44]},
								"east": {"uv": [55.06, 0.06], "uv_size": [2.88, 22.44]},
								"south": {"uv": [16.06, 0.06], "uv_size": [15.88, 22.44]},
								"west": {"uv": [55.06, 46.06], "uv_size": [2.88, 22.44]},
								"up": {"uv": [58.06, 0.06], "uv_size": [15.88, 2.88]},
								"down": {"uv": [58.06, 5.94], "uv_size": [15.88, -2.88]}
							}
						}
					]
				},
				{
					"name": "right",
					"pivot": [-16, 0, 0],
					"cubes": [
						{
							"origin": [-9, -5.65685, -2.65685],
							"size": [2, 22.7, 8],
							"pivot": [0, 0, 0],
							"rotation": [-45, 0, 0],
							"uv": {
								"north": {"uv": [62.06, 6.06], "uv_size": [1.88, 22.44]},
								"east": {"uv": [16.06, 23.06], "uv_size": [7.88, 22.44]},
								"south": {"uv": [62.06, 29.06], "uv_size": [1.88, 22.44]},
								"west": {"uv": [24.06, 23.06], "uv_size": [7.88, 22.44]},
								"up": {"uv": [66.06, 33.06], "uv_size": [1.88, 7.88]},
								"down": {"uv": [66.06, 48.94], "uv_size": [1.88, -7.88]}
							}
						},
						{
							"origin": [-8, -5.65685, -5.65685],
							"size": [7, 22.7, 4],
							"pivot": [0, 0, 0],
							"rotation": [-45, 0, 0],
							"uv": {
								"north": {"uv": [39.06, 0.06], "uv_size": [6.88, 22.44]},
								"east": {"uv": [50.06, 23.06], "uv_size": [3.88, 22.44]},
								"south": {"uv": [39.06, 23.06], "uv_size": [6.88, 22.44]},
								"west": {"uv": [51.06, 0.06], "uv_size": [3.88, 22.44]},
								"up": {"uv": [62.06, 60.06], "uv_size": [6.88, 3.88]},
								"down": {"uv": [64.06, 9.94], "uv_size": [6.88, -3.88]}
							}
						},
						{
							"origin": [-6.64493, -5.75685, 0.73675],
							"size": [2, 22.9, 5],
							"pivot": [0, 0, 0],
							"rotation": [-49.856, -22.32924, 24.25045],
							"uv": {
								"north": {"uv": [58.06, 52.06], "uv_size": [1.88, 22.88]},
								"east": {"uv": [5.06, 46.06], "uv_size": [4.88, 22.88]},
								"south": {"uv": [60.06, 6.06], "uv_size": [1.88, 22.88]},
								"west": {"uv": [10.06, 46.06], "uv_size": [4.88, 22.88]},
								"up": {"uv": [68.06, 20.06], "uv_size": [1.88, 4.88]},
								"down": {"uv": [68.06, 29.94], "uv_size": [1.88, -4.88]}
							}
						},
						{
							"origin": [-6, -5.65685, -6.65685],
							"size": [4, 22.7, 1],
							"pivot": [0, 0, 0],
							"rotation": [-45, 0, 0],
							"uv": {
								"north": {"uv": [51.06, 46.06], "uv_size": [3.88, 22.44]},
								"east": {"uv": [67.06, 10.06], "uv_size": [0.88, 22.44]},
								"south": {"uv": [54.06, 23.06], "uv_size": [3.88, 22.44]},
								"west": {"uv": [67.06, 64.06], "uv_size": [0.88, 22.44]},
								"up": {"uv": [68.06, 35.06], "uv_size": [3.88, 0.88]},
								"down": {"uv": [68.06, 36.94], "uv_size": [3.88, -0.88]}
							}
						}
					]
				}
			]
		}
	]
}